title,loan_rates,second_type_id,picture,apply_material,loan_quota,insurance_amount,apply_condition,details,price,create_date,finance_type,finance_code,user_id,apply_mainPoints,seller_id,first_type_id,loan_timeLimit
加拿大MSB牌照如何申请，有什么优势,,a2a4fc6e094411ea9e870221860e9b7e,https://pic.bdsh5.com/2019/08/14/1034038877820.jpg,,,360,,,360,2019/11/15 14:50,工商注册,e514b14e094311eaae330221860e9b7e,26-2603573,,2facd4de094411eaae330221860e9b7e,5,
新加坡基金会有哪些优势,,a2a4fb92094411ea9e870221860e9b7e,https://skin.bdsh5.com/skin/images/face.gif,,,360,,,360,2019/11/13 15:24,工商注册,e514b068094311eaae330221860e9b7e,26-2601484,,2facd3ee094411eaae330221860e9b7e,5,
转让典当行投资管理资产管理公司,,a2a4faac094411ea9e870221860e9b7e,https://pic.bdsh5.com/2019/10/30/1116582113610.jpg,,,360,,???????典当行，在国内经济社会中现在主要发挥着融资渠道的功能作用；虽近些年国内互联网金融平台的高速发展对于线下的实体小贷、融担、典当机构的业务经营开展产生了一定的冲突，但时至今日，典当机构仍受到机构投资方在布局助贷行业的重点青睐对象,360,2019/11/13 14:07,工商注册,e514af82094311eaae330221860e9b7e,26-2601393,,2facd308094411eaae330221860e9b7e,5,
公司注册经营一站式服务,,a2a4f9da094411ea9e870221860e9b7e,https://pic.bdsh5.com/2019/10/30/1116582113610.jpg,,,360,,深圳市佳诺集团,360,2019/11/14 9:31,工商注册,e514ae92094311eaae330221860e9b7e,26-2602110,,2facd222094411eaae330221860e9b7e,5,
【翰林财税】【注册香港公司】【代办香港公司注册的具体流程】如何,,a2a4f8f4094411ea9e870221860e9b7e,https://pic.bdsh5.com/2019/06/24/1802042246211.jpg,,,360,,,360,2019/4/8 15:45,工商注册,e514ad8e094311eaae330221860e9b7e,26-2322231,,2facd132094411eaae330221860e9b7e,5,
四大行业公司转让和收购,,a2a4f822094411ea9e870221860e9b7e,https://pic.bdsh5.com/2019/10/30/1116582113610.jpg,,,360,,?????? 保理公司的注册审批，在全国各地一线省市（北上广深）均处于暂停批复的状态,360,2019/11/14 9:34,工商注册,e514aca8094311eaae330221860e9b7e,26-2602115,,2facd04c094411eaae330221860e9b7e,5,
加拿大MSB监管牌照申请，MM全牌照，外汇零售商牌照,,a2a4f73c094411ea9e870221860e9b7e,https://pic.bdsh5.com/2019/08/14/1034038877820.jpg,,,360,,,360,2019/11/14 15:37,工商注册,e514abc2094311eaae330221860e9b7e,26-2602669,,2faccf5c094411eaae330221860e9b7e,5,
专业开通香港公司账户及个人账户,,a2a4f660094411ea9e870221860e9b7e,https://pic.bdsh5.com/2019/08/31/1343114467918.jpg,,,360,,不管开设哪家银行，要根据自己的实际情况选择适合自己的开户行：,360,2019/9/11 10:03,工商注册,e514aae6094311eaae330221860e9b7e,26-2536768,,2facce6c094411eaae330221860e9b7e,5,
区块链的发展趋势,,a2a4f570094411ea9e870221860e9b7e,https://pic.bdsh5.com/2019/10/30/1116582113610.jpg,,,360,,区块链的未来发展和应用场景,360,2019/11/15 9:20,工商注册,e514aa00094311eaae330221860e9b7e,26-2603097,,2faccd86094411eaae330221860e9b7e,5,
香港公司年审审计做账报税,,a2a4f426094411ea9e870221860e9b7e,https://pic.bdsh5.com/2019/08/31/1343114467918.jpg,,,360,,一手交单,360,2019/9/3 16:17,工商注册,e514a91a094311eaae330221860e9b7e,26-2531777,,2faccc96094411eaae330221860e9b7e,5,
典当行的作用与发展机会,,a2a4f2c8094411ea9e870221860e9b7e,https://pic.bdsh5.com/2019/10/30/1116582113610.jpg,,,360,,????? 发展至如今，典当行的抵押贷款业务已经非常的广泛了，这一古老的行业在现代社会仍然发挥着不可忽视的作用，且操作流程也极为便捷,360,2019/11/15 9:25,工商注册,e514a834094311eaae330221860e9b7e,26-2603101,,2faccbb0094411eaae330221860e9b7e,5,
义乌个体户常见问题解答,,a2a4f1ba094411ea9e870221860e9b7e,https://pic.bdsh5.com/2019/11/14/1529518163711.jpg,,,360,,,360,2019/11/15 13:44,工商注册,e514a74e094311eaae330221860e9b7e,26-2603403,,2faccac0094411eaae330221860e9b7e,5,
【注册香港公司需要的条件】【翰林财税】代理【香港公司注册 】,,a2a4f0de094411ea9e870221860e9b7e,https://pic.bdsh5.com/2019/06/24/1802042246211.jpg,,,360,,,360,2019/4/8 16:01,工商注册,e514a668094311eaae330221860e9b7e,26-2322246,,2facc9d0094411eaae330221860e9b7e,5,
验资开户【翰林财税】专业代【理深圳银行开户】,,a2a4eff8094411ea9e870221860e9b7e,https://pic.bdsh5.com/2019/06/24/1802042246211.jpg,,,360,,,360,2019/4/11 17:30,工商注册,e514a58c094311eaae330221860e9b7e,26-2324704,,2facc8ae094411eaae330221860e9b7e,5,
公司经营工商税务问题一站式服务,,a2a4ef12094411ea9e870221860e9b7e,https://pic.bdsh5.com/2019/10/30/1116582113610.jpg,,,360,,服务优势（工商） ,360,2019/11/11 9:40,工商注册,e514a4a6094311eaae330221860e9b7e,26-2598526,,2facc7be094411eaae330221860e9b7e,5,
注册义乌个体户结汇美金离岸帐户结汇,,a2a4ee36094411ea9e870221860e9b7e,https://pic.bdsh5.com/2019/08/14/1034038877820.jpg,,,360,,,360,2019/11/11 15:52,工商注册,e514a3c0094311eaae330221860e9b7e,26-2598905,,2facc6d8094411eaae330221860e9b7e,5,
忘记给香港公司年审会怎么样？香港公司每年都要年审吗？,,a2a4ed5a094411ea9e870221860e9b7e,https://skin.bdsh5.com/skin/images/face.gif,,,360,,,360,2019/10/30 18:12,工商注册,e514a2da094311eaae330221860e9b7e,26-2589452,,2facc5e8094411eaae330221860e9b7e,5,
疑难注销公司税务有问题的企业注销公司,,a2a4ec7e094411ea9e870221860e9b7e,https://skin.bdsh5.com/skin/images/face.gif,,,360,,,360,2019/11/5 12:04,工商注册,e514a1f4094311eaae330221860e9b7e,26-2593867,,2facc4f8094411eaae330221860e9b7e,5,
注销的代办费用那么多便宜的会有什么风险,,a2a4eba2094411ea9e870221860e9b7e,https://skin.bdsh5.com/skin/images/face.gif,,,360,,,360,2019/11/5 12:04,工商注册,e514a10e094311eaae330221860e9b7e,26-2593866,,2facc3ea094411eaae330221860e9b7e,5,
股东想注销公司法人联系不上怎么办可以注销吗,,a2a4ea4e094411ea9e870221860e9b7e,https://skin.bdsh5.com/skin/images/face.gif,,,360,,,360,2019/11/5 11:57,工商注册,e514a028094311eaae330221860e9b7e,26-2593861,,2facc2fa094411eaae330221860e9b7e,5,
深圳二类医疗器械备案是否需要专业人员,,a2a4e968094411ea9e870221860e9b7e,https://skin.bdsh5.com/skin/images/face.gif,,,360,,,360,2019/11/5 18:26,工商注册,e5149f4c094311eaae330221860e9b7e,26-2594206,,2facc214094411eaae330221860e9b7e,5,
转让热门行业公司执照,,a2a4e85a094411ea9e870221860e9b7e,https://pic.bdsh5.com/2019/10/30/1116582113610.jpg,,,360,,转让贷款代理、贸易、 小规模等,360,2019/11/6 10:27,工商注册,e5149e5c094311eaae330221860e9b7e,26-2594568,,2facc124094411eaae330221860e9b7e,5,
深圳二类医疗器械备案地址要求及网络备案解析,,a2a4e77e094411ea9e870221860e9b7e,https://skin.bdsh5.com/skin/images/face.gif,,,360,,,360,2019/11/6 17:42,工商注册,e5149d76094311eaae330221860e9b7e,26-2595247,,2facc03e094411eaae330221860e9b7e,5,
收购闲置公司执照,,a2a4e698094411ea9e870221860e9b7e,https://pic.bdsh5.com/2019/10/30/1116582113610.jpg,,,360,,本公司长期高价收购各类闲置深圳公司。最快当天可以办理过户手续。免去您公司用不上还要记账报税或者注销的的麻烦。,360,2019/11/7 10:31,工商注册,e5149c90094311eaae330221860e9b7e,26-2595637,,2facbf58094411eaae330221860e9b7e,5,
主管部门变更对典当行审批会有什么影响,,a2a4e5b2094411ea9e870221860e9b7e,https://skin.bdsh5.com/skin/images/face.gif,,,360,,,360,2019/11/6 20:38,工商注册,e5149baa094311eaae330221860e9b7e,26-2595341,,2facbe68094411eaae330221860e9b7e,5,
深圳二类医疗器械网络销售备案指南 申请需要的条件,,a2a4e4cc094411ea9e870221860e9b7e,https://skin.bdsh5.com/skin/images/face.gif,,,360,,,360,2019/11/7 15:04,工商注册,e5149ace094311eaae330221860e9b7e,26-2596021,,2facbd82094411eaae330221860e9b7e,5,
深圳典当行申请条件和主管单位变化,,a2a4e3c8094411ea9e870221860e9b7e,https://skin.bdsh5.com/skin/images/face.gif,,,360,,,360,2019/11/7 17:53,工商注册,e51499de094311eaae330221860e9b7e,26-2596188,,2facbc92094411eaae330221860e9b7e,5,
成立一家公司需要具备哪些条件,,a2a4e2b0094411ea9e870221860e9b7e,https://pic.bdsh5.com/2019/10/30/1116582113610.jpg,,,360,,想要注册公司，如果没有合伙人的话，自己也是可以注册公司，那么个人如何注册公司？据了解，只要年满18周岁没上黑名单的自然人就可以，个人公司注册流程有哪些呢？下面就和佳诺集团注册公司代理的小编一起来了解下吧,360,2019/11/8 10:07,工商注册,e51498d0094311eaae330221860e9b7e,26-2596563,,2facbba2094411eaae330221860e9b7e,5,
公司税务问题无暇顾及也不知怎么办理如何是好,,a2a4e1b6094411ea9e870221860e9b7e,https://pic.bdsh5.com/2019/10/30/1116582113610.jpg,,,360,,我们专业为客户提供:,360,2019/11/8 10:10,工商注册,e51497d6094311eaae330221860e9b7e,26-2596567,,2facba9e094411eaae330221860e9b7e,5,
深圳公司注销流程及费用,,a2a4e0d0094411ea9e870221860e9b7e,https://skin.bdsh5.com/skin/images/face.gif,,,360,,,360,2019/8/28 15:47,工商注册,e51496f0094311eaae330221860e9b7e,26-2527947,,2facb9b8094411eaae330221860e9b7e,5,
公司不经营了怎么处理掉最好,,a2a4dff4094411ea9e870221860e9b7e,https://pic.bdsh5.com/2019/10/30/1116582113610.jpg,,,360,,本公司长期高价收购各类闲置深圳公司。最快当天可以办理过户手续。免去您公司用不上还要记账报税或者注销的的麻烦。,360,2019/11/11 9:29,工商注册,e514960a094311eaae330221860e9b7e,26-2598519,,2facb8c8094411eaae330221860e9b7e,5,
小规模和一般纳税人公司收购转让,,a2a4df0e094411ea9e870221860e9b7e,https://pic.bdsh5.com/2019/10/30/1116582113610.jpg,,,360,,购买公司需要注意的细节：,360,2019/11/11 9:22,工商注册,e514952e094311eaae330221860e9b7e,26-2598458,,2facb7e2094411eaae330221860e9b7e,5,
加拿大外汇监管牌照申请流程,,a2a4de28094411ea9e870221860e9b7e,https://pic.bdsh5.com/2019/08/14/1034038877820.jpg,,,360,,,360,2019/10/31 11:39,工商注册,e5149448094311eaae330221860e9b7e,26-2589988,,2facb6f2094411eaae330221860e9b7e,5,
转让一家典当行公司,,a2a4dd42094411ea9e870221860e9b7e,https://pic.bdsh5.com/2019/10/30/1116582113610.jpg,,,360,,最后一天转让东莞典当行一家，给钱就卖，买到就是赚到，手慢无。,360,2019/10/31 17:55,工商注册,e5149362094311eaae330221860e9b7e,26-2590428,,2facb60c094411eaae330221860e9b7e,5,
转前海无户投资管理公司,,a2a4dc5c094411ea9e870221860e9b7e,https://pic.bdsh5.com/2019/10/30/1116582113610.jpg,,,360,,公司干净资料全，可配合变更，转完即用，省时省力。全程一对一服务，让我们用专业、高效的服务做您企业的贴身管家！一次性收费，绝无隐性收费！！！有需要的大佬赶紧来找我吧,360,2019/11/1 10:36,工商注册,e514927c094311eaae330221860e9b7e,26-2590812,,2facb51c094411eaae330221860e9b7e,5,
新加坡公司注册所需要的资料及优势,,a2a4db80094411ea9e870221860e9b7e,https://pic.bdsh5.com/2019/11/03/1020414930177.jpg,,,360,,注册新加坡私人有限公司PTE LTD的好处,360,2019/11/3 10:23,工商注册,e514918c094311eaae330221860e9b7e,26-2592230,,2facb436094411eaae330221860e9b7e,5,
转让东莞典当行,,a2a4da9a094411ea9e870221860e9b7e,https://pic.bdsh5.com/2019/10/30/1116582113610.jpg,,,360,,1、转 房地产顾问无户无经营（资料在手）,360,2019/11/4 11:28,工商注册,e51490a6094311eaae330221860e9b7e,26-2592859,,2facb346094411eaae330221860e9b7e,5,
爱沙尼亚牌照怎么办理,,a2a4d93c094411ea9e870221860e9b7e,https://pic.bdsh5.com/2019/08/14/1034038877820.jpg,,,360,,,360,2019/11/4 15:16,工商注册,e5148fc0094311eaae330221860e9b7e,26-2593140,,2facb256094411eaae330221860e9b7e,5,
近十年艰辛耕耘的代办公司,,a2a4d860094411ea9e870221860e9b7e,https://skin.bdsh5.com/skin/images/face.gif,,,360,,近十年艰辛耕耘让我们成为会计代理行业中的优秀企业,360,2019/11/5 10:10,工商注册,e5148eda094311eaae330221860e9b7e,26-2593608,,2facb166094411eaae330221860e9b7e,5,
诚购没有入驻过天猫的公司,,a2a4d784094411ea9e870221860e9b7e,https://skin.bdsh5.com/skin/images/face.gif,,,360,,风向区网店转让平台专业入驻天猫，诚购没有入驻过天猫的公司，要求满一年以上，无债权债务，价格好谈！,360,2019/11/5 10:11,工商注册,e5148df4094311eaae330221860e9b7e,26-2593612,,2facb076094411eaae330221860e9b7e,5,
转公司名下带商标的公司,,a2a4d6a8094411ea9e870221860e9b7e,https://skin.bdsh5.com/skin/images/face.gif,,,360,,转公司名下带商标的公司，没有入驻过天天猫，价格好谈！,360,2019/11/5 10:12,工商注册,e5148d0e094311eaae330221860e9b7e,26-2593620,,2facaf90094411eaae330221860e9b7e,5,
可提供地址注册公司,,a2a4d5cc094411ea9e870221860e9b7e,https://skin.bdsh5.com/skin/images/face.gif,,,360,,为客户提供专业的财务咨询 ，经过我们努力与发展，已具一定的规模及实力，现拥有一支以卓越的服务品质、,360,2019/11/5 10:09,工商注册,e5148c28094311eaae330221860e9b7e,26-2593605,,2facaea0094411eaae330221860e9b7e,5,
税务登记证丢了怎么补S公章没了可以注销公司吗,,a2a4d4dc094411ea9e870221860e9b7e,https://skin.bdsh5.com/skin/images/face.gif,,,360,,,360,2019/11/5 11:59,工商注册,e5148b42094311eaae330221860e9b7e,26-2593862,,2facadb0094411eaae330221860e9b7e,5,
税务有异常的可以进行简历注销吗,,a2a4d392094411ea9e870221860e9b7e,https://skin.bdsh5.com/skin/images/face.gif,,,360,,,360,2019/11/5 12:00,工商注册,e5148a5c094311eaae330221860e9b7e,26-2593864,,2facacca094411eaae330221860e9b7e,5,
哈萨克斯坦的FSP数字货币牌照,,a2a4d2ac094411ea9e870221860e9b7e,https://skin.bdsh5.com/skin/images/face.gif,,,360,,哈萨克斯坦正式称为哈萨克斯坦共和国，世界第九大内陆国家，面积为 272.49 万平方公里.?,360,2019/11/5 12:09,工商注册,e5148976094311eaae330221860e9b7e,26-2593868,,2facabda094411eaae330221860e9b7e,5,
一、亚美尼亚银行开户优势 ：,,a2a4d1bc094411ea9e870221860e9b7e,https://pic.bdsh5.com/2019/08/14/1034038877820.jpg,,,360,,,360,2019/11/5 15:26,工商注册,e5148890094311eaae330221860e9b7e,26-2594052,,2facaaea094411eaae330221860e9b7e,5,
转让投资管理资产管理房地产公司执照,,a2a4d0cc094411ea9e870221860e9b7e,https://pic.bdsh5.com/2019/10/30/1116582113610.jpg,,,360,,投资管理公司：范围包含投资咨询，企业管理咨询，受托资产管理，投资管理，投资兴办实业。,360,2019/11/12 9:55,工商注册,e51487a0094311eaae330221860e9b7e,26-2599372,,2faca9fa094411eaae330221860e9b7e,5,
现有FV车牌转让,,a2a4cfdc094411ea9e870221860e9b7e,https://pic.bdsh5.com/2019/10/30/1116582113610.jpg,,,360,,?????? 港珠澳大桥车牌的投资价值，目前港珠澳大桥车牌的办理额度已经用完，新的摇号咨询发放时间和发放数量还未确定，很多需要港珠澳大桥车牌却没来得及办理的人都在等待新的审批渠道开通，但是他们都明白，等到港珠澳大桥车牌再次回复审批，那么港珠澳大桥车牌办理难度将提高，办理数量却很有可能会减少，因为政策红利时期已经过去了。所以目前港珠澳大桥车牌价格已经有上涨的趋势了，相信等到港珠澳大桥车牌办理再次回复审批时，港珠澳大桥车牌价格再会再次提高。,360,2019/11/12 10:00,工商注册,e51486ba094311eaae330221860e9b7e,26-2599378,,2faca90a094411eaae330221860e9b7e,5,
申请美国MSB牌照的流程和优势，费用是多少？,,a2a4cf00094411ea9e870221860e9b7e,https://pic.bdsh5.com/2019/08/14/1034038877820.jpg,,,360,,,360,2019/11/12 11:29,工商注册,e51485d4094311eaae330221860e9b7e,26-2599518,,2faca81a094411eaae330221860e9b7e,5,
区块链人士为什么都注册新家坡基金会为主体公司,,a2a4ce1a094411ea9e870221860e9b7e,https://pic.bdsh5.com/2019/08/14/1034038877820.jpg,,,360,,,360,2019/11/12 11:31,工商注册,e51484da094311eaae330221860e9b7e,26-2599522,,2faca72a094411eaae330221860e9b7e,5,
义乌个体户的10大优点和结汇制度,,a2a4cd34094411ea9e870221860e9b7e,https://skin.bdsh5.com/skin/images/face.gif,,,360,,随着国家对离岸账户的管控越来越严，收结汇问题现在是越发的严峻,360,2019/11/12 11:49,工商注册,e51483f4094311eaae330221860e9b7e,26-2599547,,2faca644094411eaae330221860e9b7e,5,
 深圳做医美要申请医疗机构许可流程简析,,a2a4cc4e094411ea9e870221860e9b7e,https://skin.bdsh5.com/skin/images/face.gif,,,360,,,360,2019/11/12 17:33,工商注册,e5148318094311eaae330221860e9b7e,26-2599898,,2faca554094411eaae330221860e9b7e,5,
在深圳要设立门诊都要准备哪些材料,,a2a4cb68094411ea9e870221860e9b7e,https://skin.bdsh5.com/skin/images/face.gif,,,360,,,360,2019/11/12 17:32,工商注册,e5148232094311eaae330221860e9b7e,26-2599897,,2faca464094411eaae330221860e9b7e,5,
深圳医疗机构执业许可的办理流程及申请条件,,a2a4ca82094411ea9e870221860e9b7e,https://skin.bdsh5.com/skin/images/face.gif,,,360,,,360,2019/11/12 17:31,工商注册,e514814c094311eaae330221860e9b7e,26-2599894,,2faca374094411eaae330221860e9b7e,5,
急聘网络销售,,a2a4c99c094411ea9e870221860e9b7e,https://skin.bdsh5.com/skin/images/face.gif,,,360,,"宅家网赚【2019火爆兼职可在家】 我们就是一个成功打造网上兼职团队的，而且，这些都是免费的！！免学费，无押金，不收任何费用！加入方式.搜索微信公众号【shangL6】名称：尚联网络，关注后即可开始工作.手机，电脑均可（任何地方，任何地点不限）.我们不会索要任何押金等费用，请放心来应聘（全职也可）.工作内容简单易学、上手快！不收任何费用, 工作地点不限.自由安排工作时间，和您现有的工作不冲突，自由的职业。我们承诺：绝不收费,且全程无投入,纯收入,闲暇时间动动手指头即可！一部手机即可做，无需等待录取通知，进入公众号即可赚钱。 加入方式搜索微信公众号【shangL6】名称：尚联网络 ，关注后即可开始工作打开微信-[点通讯录]--[点公众号]--[再点右上角+号]-[在搜索栏中搜索：shangL6 ]名称：尚联网络.",360,2019/10/26 13:30,工商注册,e5148070094311eaae330221860e9b7e,26-2586332,,2faca28e094411eaae330221860e9b7e,5,
转让全国各地的融资租赁执照,,a2a4c8c0094411ea9e870221860e9b7e,https://pic.bdsh5.com/2019/10/30/1116582113610.jpg,,,360,,?????? 融资租赁牌照情况：根据当前国内融资租赁机构准入监管办法，融资租赁主要有：内资试点融资租赁企业，外资融资租赁企业（含中外合资类型），以及100%内资普通融资租赁公司,360,2019/11/13 9:58,工商注册,e5147f8a094311eaae330221860e9b7e,26-2601138,,2faca19e094411eaae330221860e9b7e,5,
离岸公司的用途,,a2a4c7da094411ea9e870221860e9b7e,https://skin.bdsh5.com/skin/images/face.gif,,,360,,,360,2019/11/12 11:51,工商注册,e5147ea4094311eaae330221860e9b7e,26-2599549,,2faca0b8094411eaae330221860e9b7e,5,
常用的数字货币牌照有哪些？什么是数字货币牌照,,a2a4c6f4094411ea9e870221860e9b7e,https://skin.bdsh5.com/skin/images/face.gif,,,360,,,360,2019/11/13 14:28,工商注册,e5147dbe094311eaae330221860e9b7e,26-2601417,,2fac9fbe094411eaae330221860e9b7e,5,
个人外贸wai币收汇结汇额度受限，如何解决这个难题？,,a2a4c60e094411ea9e870221860e9b7e,https://skin.bdsh5.com/skin/images/face.gif,,,360,,,360,2019/11/13 15:23,工商注册,e5147ce2094311eaae330221860e9b7e,26-2601481,,2fac9ed8094411eaae330221860e9b7e,5,
深圳公司注销,,a2a4c528094411ea9e870221860e9b7e,https://skin.bdsh5.com/skin/images/face.gif,,,360,,,360,2019/11/16 15:38,工商注册,e5147bfc094311eaae330221860e9b7e,26-2604251,,2fac9de8094411eaae330221860e9b7e,5,
香港公司会计师审计、香港公司审计是一定要做吗,,a2a4c442094411ea9e870221860e9b7e,https://skin.bdsh5.com/skin/images/face.gif,,,360,,,360,2019/10/23 14:34,工商注册,e5147b16094311eaae330221860e9b7e,26-2583495,,2fac9d02094411eaae330221860e9b7e,5,
"大量1-2年以上香港公司出售,香港律师公证,香港审计报告,香",,a2a4c352094411ea9e870221860e9b7e,,,,360,,"办理外商投资融资租赁公司,出售2年以上香港公司,香港审计报告,代开银行资信证明.注册融资租赁公司,广州注册融资租赁公司,转让现成融资租赁公司等,?注册融资租赁公司.办理外商投资融资租赁公司, 商业保理公司,需要资料.????",360,2019/10/25 17:10,工商注册,e5147a30094311eaae330221860e9b7e,26-2585632,,2fac9c12094411eaae330221860e9b7e,5,
福田车公庙海松大厦注册公司 记账报税 公司变更 转让 注销,,a2a4c258094411ea9e870221860e9b7e,,,,360,,67深圳安汇会计师事务所,360,2019/10/25 17:13,工商注册,e5147936094311eaae330221860e9b7e,26-2585736,,2fac9b0e094411eaae330221860e9b7e,5,
福田车公庙海松大厦注册公司 记账报税 公司变更 转让 注销,,a2a4c172094411ea9e870221860e9b7e,,,,360,,67深圳安汇会计师事务所,360,2019/10/25 17:13,工商注册,e5147850094311eaae330221860e9b7e,26-2585737,,2fac9a1e094411eaae330221860e9b7e,5,
深圳办理二类医疗器械备案详细人员安排,,a2a4c096094411ea9e870221860e9b7e,https://skin.bdsh5.com/skin/images/face.gif,,,360,,,360,2019/10/25 17:52,工商注册,e514776a094311eaae330221860e9b7e,26-2585824,,2fac9938094411eaae330221860e9b7e,5,
深圳办理二类医疗器械备案详细人员安排,,a2a4bfb0094411ea9e870221860e9b7e,https://skin.bdsh5.com/skin/images/face.gif,,,360,,,360,2019/10/25 16:38,工商注册,e5147684094311eaae330221860e9b7e,26-2585321,,2fac9852094411eaae330221860e9b7e,5,
深圳二类医疗器械备案条件地址要求是什么,,a2a4beca094411ea9e870221860e9b7e,https://skin.bdsh5.com/skin/images/face.gif,,,360,,　　,360,2019/10/28 14:33,工商注册,e514759e094311eaae330221860e9b7e,26-2587452,,2fac9762094411eaae330221860e9b7e,5,
 加拿大FTR MSB牌照申请流程,,a2a4bde4094411ea9e870221860e9b7e,https://pic.bdsh5.com/2019/08/14/1034038877820.jpg,,,360,,,360,2019/10/28 14:59,工商注册,e51474b8094311eaae330221860e9b7e,26-2587489,,2fac9672094411eaae330221860e9b7e,5,
香港公司注册完成后可以变更吗？,,a2a4bcfe094411ea9e870221860e9b7e,https://skin.bdsh5.com/skin/images/face.gif,,,360,,,360,2019/10/28 17:51,工商注册,e51473d2094311eaae330221860e9b7e,26-2587749,,2fac958c094411eaae330221860e9b7e,5,
香港公司年审是怎么收费的？,,a2a4bc18094411ea9e870221860e9b7e,https://skin.bdsh5.com/skin/images/face.gif,,,360,,,360,2019/10/28 17:52,工商注册,e51472ec094311eaae330221860e9b7e,26-2587751,,2fac949c094411eaae330221860e9b7e,5,
香港公司的年审相当于什么?,,a2a4bb32094411ea9e870221860e9b7e,https://skin.bdsh5.com/skin/images/face.gif,,,360,,,360,2019/10/28 17:58,工商注册,e5147206094311eaae330221860e9b7e,26-2587757,,2fac93ac094411eaae330221860e9b7e,5,
香港公司为什么需要做年审？,,a2a4ba4c094411ea9e870221860e9b7e,https://skin.bdsh5.com/skin/images/face.gif,,,360,,,360,2019/10/28 17:53,工商注册,e5147120094311eaae330221860e9b7e,26-2587754,,2fac92bc094411eaae330221860e9b7e,5,
加拿大FTR MSB牌照办理要求,,a2a4b966094411ea9e870221860e9b7e,https://skin.bdsh5.com/skin/images/face.gif,,,360,,,360,2019/10/29 11:20,工商注册,e514703a094311eaae330221860e9b7e,26-2588219,,2fac91d6094411eaae330221860e9b7e,5,
公司哪些情况会被列为风险纳税人容易解除吗,,a2a4b880094411ea9e870221860e9b7e,https://skin.bdsh5.com/skin/images/face.gif,,,360,,,360,2019/10/29 11:30,工商注册,e5146f54094311eaae330221860e9b7e,26-2588235,,2fac90e6094411eaae330221860e9b7e,5,
国内哪些地方可以注册区块链公司,,a2a4b79a094411ea9e870221860e9b7e,https://skin.bdsh5.com/skin/images/face.gif,,,360,,,360,2019/10/29 11:31,工商注册,e5146e50094311eaae330221860e9b7e,26-2588238,,2fac9000094411eaae330221860e9b7e,5,
为什么有的公司注销的时候税务局会要求企业补税呢,,a2a4b6aa094411ea9e870221860e9b7e,https://skin.bdsh5.com/skin/images/face.gif,,,360,,,360,2019/10/29 11:33,工商注册,e5146d38094311eaae330221860e9b7e,26-2588245,,2fac8f06094411eaae330221860e9b7e,5,
如果一直不注销公司会有什么严重后果资料丢失了还能注销吗,,a2a4b5ba094411ea9e870221860e9b7e,https://skin.bdsh5.com/skin/images/face.gif,,,360,,,360,2019/10/29 11:33,工商注册,e5146c52094311eaae330221860e9b7e,26-2588244,,2fac8dda094411eaae330221860e9b7e,5,
深圳二类医疗器械备案需要的条件及申请流程,,a2a4b4d4094411ea9e870221860e9b7e,https://skin.bdsh5.com/skin/images/face.gif,,,360,,,360,2019/10/29 17:31,工商注册,e5146b6c094311eaae330221860e9b7e,26-2588578,,2fac8cea094411eaae330221860e9b7e,5,
加拿大牌照办理,,a2a4b3ee094411ea9e870221860e9b7e,https://pic.bdsh5.com/2019/08/14/1034038877820.jpg,,,360,,,360,2019/10/29 16:00,工商注册,e5146a86094311eaae330221860e9b7e,26-2588510,,2fac8bfa094411eaae330221860e9b7e,5,
"港珠澳车牌办理,公司注册,收购闲置公司,转让公司",,a2a4b308094411ea9e870221860e9b7e,https://pic.bdsh5.com/2019/10/30/1116582113610.jpg,,,360,,诚信为本，服务至上? ?我们有好的产品和专业的团队，公司发展迅速，我们为客户提供最好的产品、良好的技术支持、健全的售后服务，,360,2019/10/30 11:33,工商注册,e51469a0094311eaae330221860e9b7e,26-2589026,,2fac8b0a094411eaae330221860e9b7e,5,
区块链公司注册深圳区块链海南区块链注册条件,,a2a4b1e6094411ea9e870221860e9b7e,https://skin.bdsh5.com/skin/images/face.gif,,,360,,,360,2019/10/30 15:46,工商注册,e51468ba094311eaae330221860e9b7e,26-2589215,,2fac8a1a094411eaae330221860e9b7e,5,
在深圳注册一家区块链公司有什么优势税收优惠多少,,a2a4b100094411ea9e870221860e9b7e,https://skin.bdsh5.com/skin/images/face.gif,,,360,,,360,2019/10/30 15:46,工商注册,e51467d4094311eaae330221860e9b7e,26-2589216,,2fac892a094411eaae330221860e9b7e,5,
做区块链项目要申请金融牌照的优势,,a2a4b01a094411ea9e870221860e9b7e,https://pic.bdsh5.com/2019/08/14/1034038877820.jpg,,,360,,,360,2019/10/30 15:47,工商注册,e51466ee094311eaae330221860e9b7e,26-2589217,,2fac883a094411eaae330221860e9b7e,5,
财务报表调整导致企业风险纳税人了怎么办,,a2a4af34094411ea9e870221860e9b7e,https://skin.bdsh5.com/skin/images/face.gif,,,360,,,360,2019/10/30 15:48,工商注册,e5146608094311eaae330221860e9b7e,26-2589219,,2fac874a094411eaae330221860e9b7e,5,
企业风险纳税人了不解除的话会怎样,,a2a4ae4e094411ea9e870221860e9b7e,https://skin.bdsh5.com/skin/images/face.gif,,,360,,,360,2019/10/30 15:48,工商注册,e514652c094311eaae330221860e9b7e,26-2589221,,2fac8664094411eaae330221860e9b7e,5,
疑难公司注销可以办理吗税务怎么办没有执照也没有公章,,a2a4ad68094411ea9e870221860e9b7e,https://skin.bdsh5.com/skin/images/face.gif,,,360,,,360,2019/10/30 15:50,工商注册,e5146446094311eaae330221860e9b7e,26-2589224,,2fac8574094411eaae330221860e9b7e,5,
中国人到香港开公司银行账户有哪些特别条件,,a2a4ac82094411ea9e870221860e9b7e,https://skin.bdsh5.com/skin/images/face.gif,,,360,,,360,2019/10/30 18:07,工商注册,e5146356094311eaae330221860e9b7e,26-2589448,,2fac848e094411eaae330221860e9b7e,5,
自己注册的香港公司不用了，香港公司注销需要多久,,a2a4ab9c094411ea9e870221860e9b7e,https://skin.bdsh5.com/skin/images/face.gif,,,360,,,360,2019/10/30 18:10,工商注册,e5146248094311eaae330221860e9b7e,26-2589449,,2fac839e094411eaae330221860e9b7e,5,
香港公司转让，香港公司买卖转让有什么风险,,a2a4aaa2094411ea9e870221860e9b7e,https://skin.bdsh5.com/skin/images/face.gif,,,360,,,360,2019/10/30 18:06,工商注册,e5146158094311eaae330221860e9b7e,26-2589445,,2fac82ae094411eaae330221860e9b7e,5,
中国人注册香港海外公司需要准备什么资料,,a2a4a9bc094411ea9e870221860e9b7e,https://skin.bdsh5.com/skin/images/face.gif,,,360,,,360,2019/10/30 18:03,工商注册,e5146054094311eaae330221860e9b7e,26-2589444,,2fac81be094411eaae330221860e9b7e,5,
什么是区块链公司这是个什么行业,,a2a4a8cc094411ea9e870221860e9b7e,https://skin.bdsh5.com/skin/images/face.gif,,,360,,,360,2019/10/29 11:32,工商注册,e5145f46094311eaae330221860e9b7e,26-2588240,,2fac80d8094411eaae330221860e9b7e,5,
香港离岸公司怎么变更公司信息、去外面买香港公司有什么风险,,a2a4a7c8094411ea9e870221860e9b7e,https://skin.bdsh5.com/skin/images/face.gif,,,360,,,360,2019/10/23 14:33,工商注册,e5145e6a094311eaae330221860e9b7e,26-2583488,,2fac7fe8094411eaae330221860e9b7e,5,
香港离岸公司注册、海外公司注册需要准备什么资料,,a2a4a55c094411ea9e870221860e9b7e,https://skin.bdsh5.com/skin/images/face.gif,,,360,,,360,2019/10/23 14:31,工商注册,e5145d84094311eaae330221860e9b7e,26-2583485,,2fac7ef8094411eaae330221860e9b7e,5,
如果要去香港开户选择哪些银行比较好都有哪些银行要注意的事项,,a2a4a46c094411ea9e870221860e9b7e,https://skin.bdsh5.com/skin/images/face.gif,,,360,,,360,2019/10/23 11:49,工商注册,e5145c94094311eaae330221860e9b7e,26-2583400,,2fac7e08094411eaae330221860e9b7e,5,
收购公司好还是注册公司好公司转让有哪些优点,,a2a4a386094411ea9e870221860e9b7e,https://skin.bdsh5.com/skin/images/face.gif,,,360,,,360,2019/10/23 11:48,工商注册,e5145bae094311eaae330221860e9b7e,26-2583397,,2fac7d18094411eaae330221860e9b7e,5,
深圳医疗器械二类备案及三类经营许可办理条件,,a2a4a2a0094411ea9e870221860e9b7e,https://skin.bdsh5.com/skin/images/face.gif,,,360,,,360,2019/10/23 15:25,工商注册,e5145ac8094311eaae330221860e9b7e,26-2583577,,2fac7c28094411eaae330221860e9b7e,5,
深圳申请医疗器械解析 仓库要何规格,,a2a4a1b0094411ea9e870221860e9b7e,https://skin.bdsh5.com/skin/images/face.gif,,,360,,,360,2019/10/23 17:58,工商注册,e51459e2094311eaae330221860e9b7e,26-2583725,,2fac7b42094411eaae330221860e9b7e,5,
深圳二类医疗器械经营备案办理需要注意哪些方面,,a2a4a0c0094411ea9e870221860e9b7e,https://skin.bdsh5.com/skin/images/face.gif,,,360,,,360,2019/10/24 17:18,工商注册,e51458fc094311eaae330221860e9b7e,26-2584647,,2fac7a52094411eaae330221860e9b7e,5,
深圳二类医疗器械经营备案办理需要注意哪些方面,,a2a49fd0094411ea9e870221860e9b7e,https://skin.bdsh5.com/skin/images/face.gif,,,360,,,360,2019/10/24 16:41,工商注册,e5145816094311eaae330221860e9b7e,26-2584562,,2fac7958094411eaae330221860e9b7e,5,
港珠澳大桥指标2019年十月二次开放五千五百个名额,,a2a49ed6094411ea9e870221860e9b7e,https://skin.bdsh5.com/skin/images/face.gif,,,360,,,360,2019/10/24 18:45,工商注册,e5145726094311eaae330221860e9b7e,26-2584699,,2fac785e094411eaae330221860e9b7e,5,
美国MSB牌照怎么办理,,a2a49df0094411ea9e870221860e9b7e,https://pic.bdsh5.com/2019/08/14/1034038877820.jpg,,,360,,,360,2019/10/25 14:33,工商注册,e5145640094311eaae330221860e9b7e,26-2585196,,2fac7778094411eaae330221860e9b7e,5,
深圳二类医疗器械备案详解条件审批时间,,a2a49d0a094411ea9e870221860e9b7e,https://skin.bdsh5.com/skin/images/face.gif,,,360,,　　,360,2019/10/25 16:22,工商注册,e514555a094311eaae330221860e9b7e,26-2585309,,2fac7688094411eaae330221860e9b7e,5,
注册一家香港公司有什么优势?,,a2a49c2e094411ea9e870221860e9b7e,,,,360,,注册一家香港公司有哪些优势？,360,2019/10/25 17:10,工商注册,e514547e094311eaae330221860e9b7e,26-2585625,,2fac7598094411eaae330221860e9b7e,5,
注册一家香港公司有什么优势?,,a2a49b48094411ea9e870221860e9b7e,,,,360,,注册一家香港公司有哪些优势？,360,2019/10/25 17:10,工商注册,e5145398094311eaae330221860e9b7e,26-2585626,,2fac74b2094411eaae330221860e9b7e,5,
"大量1-2年以上香港公司出售,香港律师公证,香港审计报告,香",,a2a49a58094411ea9e870221860e9b7e,,,,360,,"办理外商投资融资租赁公司,出售2年以上香港公司,香港审计报告,代开银行资信证明.注册融资租赁公司,广州注册融资租赁公司,转让现成融资租赁公司等,?注册融资租赁公司.办理外商投资融资租赁公司, 商业保理公司,需要资料.????",360,2019/10/25 17:10,工商注册,e51452b2094311eaae330221860e9b7e,26-2585631,,2fac73c2094411eaae330221860e9b7e,5,
注册香港公司流程多还是麻烦？,,a2a49972094411ea9e870221860e9b7e,https://skin.bdsh5.com/skin/images/face.gif,,,360,,,360,2019/10/21 21:44,工商注册,e51451d6094311eaae330221860e9b7e,26-2581863,,2fac72d2094411eaae330221860e9b7e,5,
深圳广州医疗器械许可证办理流程及相关资料,,a2a4988c094411ea9e870221860e9b7e,https://skin.bdsh5.com/skin/images/face.gif,,,360,,　　,360,2019/10/17 11:31,工商注册,e51450f0094311eaae330221860e9b7e,26-2578275,,2fac71ec094411eaae330221860e9b7e,5,
注册开曼公司的全流程,,a2a497a6094411ea9e870221860e9b7e,https://pic.bdsh5.com/2019/09/15/1642515512150.jpg,,,360,,,360,2019/10/17 17:41,工商注册,e514500a094311eaae330221860e9b7e,26-2578863,,2fac70fc094411eaae330221860e9b7e,5,
离岸公司美国注册全流程,,a2a496b6094411ea9e870221860e9b7e,https://pic.bdsh5.com/2019/09/15/1642515512150.jpg,,,360,,,360,2019/10/17 17:42,工商注册,e5144f1a094311eaae330221860e9b7e,26-2578864,,2fac700c094411eaae330221860e9b7e,5,
深圳公司注册，注册深圳公司,,a2a495d0094411ea9e870221860e9b7e,https://pic.bdsh5.com/2019/09/15/1642515512150.jpg,,,360,,,360,2019/10/17 17:42,工商注册,e5144e2a094311eaae330221860e9b7e,26-2578865,,2fac6efe094411eaae330221860e9b7e,5,
河北雄安新区公司注册要求是什么,,a2a494ea094411ea9e870221860e9b7e,https://skin.bdsh5.com/skin/images/face.gif,,,360,,,360,2019/10/17 21:16,工商注册,e5144d4e094311eaae330221860e9b7e,26-2579012,,2fac6ddc094411eaae330221860e9b7e,5,
雄安新区知名的公司注册代理公司,,a2a49404094411ea9e870221860e9b7e,https://skin.bdsh5.com/skin/images/face.gif,,,360,,,360,2019/10/17 21:17,工商注册,e5144c68094311eaae330221860e9b7e,26-2579014,,2fac6cec094411eaae330221860e9b7e,5,
在雄安新区注册雄安公司需要什么要求,,a2a49328094411ea9e870221860e9b7e,https://skin.bdsh5.com/skin/images/face.gif,,,360,,,360,2019/10/17 21:18,工商注册,e5144b82094311eaae330221860e9b7e,26-2579015,,2fac6c06094411eaae330221860e9b7e,5,
现在在雄安新区注册雄安有什么优势,,a2a49238094411ea9e870221860e9b7e,https://skin.bdsh5.com/skin/images/face.gif,,,360,,,360,2019/10/17 21:18,工商注册,e5144a9c094311eaae330221860e9b7e,26-2579016,,2fac6b16094411eaae330221860e9b7e,5,
雄安新区公司代理注册最便宜的是哪家,,a2a49152094411ea9e870221860e9b7e,https://skin.bdsh5.com/skin/images/face.gif,,,360,,,360,2019/10/17 21:17,工商注册,e51449b6094311eaae330221860e9b7e,26-2579013,,2fac6a30094411eaae330221860e9b7e,5,
深圳办理二类三类医疗器械的优势在哪里,,a2a49076094411ea9e870221860e9b7e,https://skin.bdsh5.com/skin/images/face.gif,,,360,,,360,2019/9/4 17:06,工商注册,e51448d0094311eaae330221860e9b7e,26-2532529,,2fac6940094411eaae330221860e9b7e,5,
在深圳二类医疗器械备案可行吗,,a2a48f90094411ea9e870221860e9b7e,https://skin.bdsh5.com/skin/images/face.gif,,,360,,,360,2019/9/4 17:11,工商注册,e51447ea094311eaae330221860e9b7e,26-2532531,,2fac685a094411eaae330221860e9b7e,5,
义乌个体户注册所需资料和优势，人不在义乌也可以注册义乌个体户？  ,,a2a48ea0094411ea9e870221860e9b7e,https://pic.bdsh5.com/2019/10/21/1400526693767.jpg,,,360,,,360,2019/10/21 14:02,工商注册,e5144704094311eaae330221860e9b7e,26-2581438,,2fac676a094411eaae330221860e9b7e,5,
注册香港公司麻不麻烦？,,a2a48db0094411ea9e870221860e9b7e,https://skin.bdsh5.com/skin/images/face.gif,,,360,,,360,2019/10/21 21:43,工商注册,e5144614094311eaae330221860e9b7e,26-2581860,,2fac6670094411eaae330221860e9b7e,5,
注册香港公司手续多不多？,,a2a48cca094411ea9e870221860e9b7e,https://skin.bdsh5.com/skin/images/face.gif,,,360,,,360,2019/10/21 21:43,工商注册,e514452e094311eaae330221860e9b7e,26-2581862,,2fac658a094411eaae330221860e9b7e,5,
区块链项目新加坡基金会和新加坡普通公司哪个更好 ,,a2a48bda094411ea9e870221860e9b7e,https://pic.bdsh5.com/2019/10/21/1400526693767.jpg,,,360,,,360,2019/10/21 14:02,工商注册,e5144448094311eaae330221860e9b7e,26-2581440,,2fac649a094411eaae330221860e9b7e,5,
香港公司年审是是什么？,,a2a48aea094411ea9e870221860e9b7e,https://skin.bdsh5.com/skin/images/face.gif,,,360,,,360,2019/10/21 21:44,工商注册,e5144362094311eaae330221860e9b7e,26-2581864,,2fac63aa094411eaae330221860e9b7e,5,
香港公司注册需要多少钱？,,a2a489d2094411ea9e870221860e9b7e,https://skin.bdsh5.com/skin/images/face.gif,,,360,,,360,2019/10/21 21:42,工商注册,e514427c094311eaae330221860e9b7e,26-2581859,,2fac62ba094411eaae330221860e9b7e,5,
BVI是在那里？BVI注册公司有哪些好处？,,a2a488c4094411ea9e870221860e9b7e,https://skin.bdsh5.com/skin/images/face.gif,,,360,,,360,2019/10/22 11:05,工商注册,e514418c094311eaae330221860e9b7e,26-2582141,,2fac61ca094411eaae330221860e9b7e,5,
BVI公司需要每年年审报税吗？BVI公司需要怎么报税？,,a2a487d4094411ea9e870221860e9b7e,https://skin.bdsh5.com/skin/images/face.gif,,,360,,,360,2019/10/22 11:06,工商注册,e51440a6094311eaae330221860e9b7e,26-2582145,,2fac60d0094411eaae330221860e9b7e,5,
BVI公司银行开户有哪些选择？BVI公司开户的流程,,a2a486e4094411ea9e870221860e9b7e,https://skin.bdsh5.com/skin/images/face.gif,,,360,,,360,2019/10/22 11:06,工商注册,e5143fb6094311eaae330221860e9b7e,26-2582148,,2fac5fe0094411eaae330221860e9b7e,5,
BVI注册公司的流程，BVI公司每年需要怎么维护？,,a2a485ea094411ea9e870221860e9b7e,https://skin.bdsh5.com/skin/images/face.gif,,,360,,,360,2019/10/22 11:05,工商注册,e5143ec6094311eaae330221860e9b7e,26-2582143,,2fac5ee6094411eaae330221860e9b7e,5,
 BVI注册公司的好处、BVI公司的注册需要哪些资料,,a2a48504094411ea9e870221860e9b7e,https://skin.bdsh5.com/skin/images/face.gif,,,360,,,360,2019/10/22 11:04,工商注册,e5143dea094311eaae330221860e9b7e,26-2582140,,2fac5df6094411eaae330221860e9b7e,5,
申请美国MSB牌、加拿大牌照、美国NFA牌照、爱沙尼亚牌照,,a2a48414094411ea9e870221860e9b7e,https://pic.bdsh5.com/2019/10/21/1400526693767.jpg,,,360,,,360,2019/10/21 14:02,工商注册,e5143cfa094311eaae330221860e9b7e,26-2581439,,2fac5cfc094411eaae330221860e9b7e,5,
爱沙尼亚数字货币牌照办理，有什么优势？,,a2a48324094411ea9e870221860e9b7e,https://pic.bdsh5.com/2019/08/14/1034038877820.jpg,,,360,,,360,2019/10/22 14:47,工商注册,e5143c00094311eaae330221860e9b7e,26-2582370,,2fac5c02094411eaae330221860e9b7e,5,
深圳申请三类医疗器械解析 核查场地要求,,a2a48220094411ea9e870221860e9b7e,https://skin.bdsh5.com/skin/images/face.gif,,,360,,,360,2019/10/22 16:55,工商注册,e5143b06094311eaae330221860e9b7e,26-2582638,,2fac5afe094411eaae330221860e9b7e,5,
深圳医疗器械申请 二类备案三类许可条件,,a2a48130094411ea9e870221860e9b7e,https://skin.bdsh5.com/skin/images/face.gif,,,360,,,360,2019/10/22 19:17,工商注册,e5143a16094311eaae330221860e9b7e,26-2582856,,2fac59fa094411eaae330221860e9b7e,5,
深圳商业保理公司可以转让吗收购商业保理公司股权转让的形式有哪几种变更材料,,a2a4802c094411ea9e870221860e9b7e,https://skin.bdsh5.com/skin/images/face.gif,,,360,,,360,2019/10/23 11:47,工商注册,e5143908094311eaae330221860e9b7e,26-2583396,,2fac58d8094411eaae330221860e9b7e,5,
香港公司银行包开户服务、香港公司银行开户有哪些特别条件,,a2a47f0a094411ea9e870221860e9b7e,https://skin.bdsh5.com/skin/images/face.gif,,,360,,,360,2019/10/23 14:33,工商注册,e51437e6094311eaae330221860e9b7e,26-2583489,,2fac5784094411eaae330221860e9b7e,5,
香港公司注销全程包办、香港公司注销需要多久,,a2a47d0c094411ea9e870221860e9b7e,https://skin.bdsh5.com/skin/images/face.gif,,,360,,,360,2019/10/23 14:33,工商注册,e51435ca094311eaae330221860e9b7e,26-2583491,,2fac557c094411eaae330221860e9b7e,5,
